timestamp,delta,0-R1-Acc-x,0-R1-Gyr-y,0-R1-Mag-z,0-R1-Acc-x,0-R1-Gyr-y,0-R1-Mag-z,0-R1-Acc-x,0-R1-Gyr-y,0-R1-Mag-z,1:R2-Acc-x,1:R2-Gyr-y,1:R2-Mag-z,1:R2-Acc-x,1:R2-Gyr-y,1:R2-Mag-z,1:R2-Acc-x,1:R2-Gyr-y,1:R2-Mag-z,2:L1-Acc-x,2:L1-Gyr-y,2:L1-Mag-z,2:L1-Acc-x,2:L1-Gyr-y,2:L1-Mag-z,2:L1-Acc-x,2:L1-Gyr-y,2:L1-Mag-z,3:L2-Acc-x,3:L2-Gyr-y,3:L2-Mag-z,3:L2-Acc-x,3:L2-Gyr-y,3:L2-Mag-z,3:L2-Acc-x,3:L2-Gyr-y,3:L2-Mag-z,label
12.26115870475769,12.26115870475769,0.43095630407333374,8.226476669311523,8.226476669311523,0.0010646508308127522,-0.11817624419927597,-0.11817624419927597,12.0625,3.0,3.0,None,None,None,None,None,None,None,None,None,None,None,None,None,None,None,None,None,None,None,None,None,None,None,None,None,None,None,0
12.261417865753174,0.00025916099548339844,0.49799394607543945,8.14028549194336,8.14028549194336,0.02661627158522606,-0.19589576125144958,-0.19589576125144958,11.6875,3.375,3.375,None,None,None,None,None,None,None,None,None,None,None,None,None,None,None,None,None,None,None,None,None,None,None,None,None,None,None,0
12.261606931686401,0.00018906593322753906,0.5746083855628967,8.08282470703125,8.08282470703125,0.006387905217707157,-0.23315852880477905,-0.23315852880477905,11.5,3.3125,3.3125,None,None,None,None,None,None,None,None,None,None,None,None,None,None,None,None,None,None,None,None,None,None,None,None,None,None,None,0
12.261783599853516,0.0001766681671142578,0.9193734526634216,8.044517517089844,8.044517517089844,-0.11817624419927597,-0.2736152708530426,-0.2736152708530426,11.625,3.125,3.125,None,None,None,None,None,None,None,None,None,None,None,None,None,None,None,None,None,None,None,None,None,None,None,None,None,None,None,0
12.26192569732666,0.00014209747314453125,1.0247182846069336,7.996633529663086,7.996633529663086,-0.2736152708530426,-0.2842617630958557,-0.2842617630958557,11.8125,2.8125,2.8125,None,None,None,None,None,None,None,None,None,None,None,None,None,None,None,None,None,None,None,None,None,None,None,None,None,None,None,0
12.262092590332031,0.00016689300537109375,0.7374141216278076,7.948749542236328,7.948749542236328,-0.3534640669822693,-0.3119426965713501,-0.3119426965713501,11.1875,3.0625,3.0625,None,None,None,None,None,None,None,None,None,None,None,None,None,None,None,None,None,None,None,None,None,None,None,None,None,None,None,0
12.274783849716187,0.012691259384155273,0.15322890877723694,7.671022415161133,7.671022415161133,-0.5557477474212646,-0.35985198616981506,-0.35985198616981506,11.3125,3.5,3.5,None,None,None,None,None,None,None,None,None,None,None,None,None,None,None,None,None,None,None,None,None,None,None,None,None,None,None,0
12.288925886154175,0.014142036437988281,1.015141487121582,7.51779317855835,7.51779317855835,-0.7952941656112671,-0.34920546412467957,-0.34920546412467957,11.25,3.875,3.875,None,None,None,None,None,None,None,None,None,None,None,None,None,None,None,None,None,None,None,None,None,None,None,None,None,None,None,0
12.312838792800903,0.023912906646728516,0.9289502501487732,7.747636795043945,7.747636795043945,-0.7952941656112671,-0.34920546412467957,-0.34920546412467957,11.3125,4.25,4.25,None,None,None,None,None,None,None,None,None,None,None,None,None,None,None,None,None,None,None,None,None,None,None,None,None,None,None,0
12.338711738586426,0.02587294578552246,-0.2777273952960968,7.814674377441406,7.814674377441406,-1.141305685043335,-0.20228366553783417,-0.20228366553783417,11.4375,4.5,4.5,None,None,None,None,None,None,None,None,None,None,None,None,None,None,None,None,None,None,None,None,None,None,None,None,None,None,None,0
12.342471837997437,0.003760099411010742,2.691082715988159,7.594407558441162,7.594407558441162,-1.340395450592041,-0.2491282969713211,-0.2491282969713211,11.25,4.75,4.75,None,None,None,None,None,None,None,None,None,None,None,None,None,None,None,None,None,None,None,None,None,None,None,None,None,None,None,0
12.374570846557617,0.032099008560180664,0.8427590131759644,6.502651691436768,6.502651691436768,-1.5267093181610107,-0.013840461149811745,-0.013840461149811745,11.625,4.6875,4.6875,None,None,None,None,None,None,None,None,None,None,None,None,None,None,None,None,None,None,None,None,None,None,None,None,None,None,None,0
12.392095804214478,0.01752495765686035,1.580173134803772,6.7708024978637695,6.7708024978637695,-2.0781984329223633,0.834686279296875,0.834686279296875,12.0625,5.875,5.875,None,None,None,None,None,None,None,None,None,None,None,None,None,None,None,None,None,None,None,None,None,None,None,None,None,None,None,0
12.405983924865723,0.013888120651245117,-2.31758713722229,6.435614109039307,6.435614109039307,-1.627851128578186,0.36304593086242676,0.36304593086242676,12.0,6.1875,6.1875,None,None,None,None,None,None,None,None,None,None,None,None,None,None,None,None,None,None,None,None,None,None,None,None,None,None,None,0
12.43907880783081,0.03309488296508789,-1.944091796875,6.138733386993408,6.138733386993408,-1.3510419130325317,-0.0947539210319519,-0.0947539210319519,12.4375,6.9375,6.9375,None,None,None,None,None,None,None,None,None,None,None,None,None,None,None,None,None,None,None,None,None,None,None,None,None,None,None,0
12.45582365989685,0.01674485206604004,-2.5091233253479004,4.63517427444458,4.63517427444458,-0.8006174564361572,-0.30023154616355896,-0.30023154616355896,12.25,7.0,7.0,None,None,None,None,None,None,None,None,None,None,None,None,None,None,None,None,None,None,None,None,None,None,None,None,None,None,None,0
12.472221851348877,0.016398191452026367,-1.599326729774475,5.142745018005371,5.142745018005371,-0.6888290643692017,-0.019163714721798897,-0.019163714721798897,11.6875,7.5625,7.5625,None,None,None,None,None,None,None,None,None,None,None,None,None,None,None,None,None,None,None,None,None,None,None,None,None,None,None,0
12.489882707595825,0.017660856246948242,-0.8331822156906128,5.535394191741943,5.535394191741943,-0.6558248996734619,-0.0031939526088535786,-0.0031939526088535786,11.3125,8.3125,8.3125,None,None,None,None,None,None,None,None,None,None,None,None,None,None,None,None,None,None,None,None,None,None,None,None,None,None,None,0
12.512277841567993,0.02239513397216797,0.6991068720817566,6.627150535583496,6.627150535583496,-0.25445154309272766,-0.18631389737129211,-0.18631389737129211,12.0,8.625,8.625,None,None,None,None,None,None,None,None,None,None,None,None,None,None,None,None,None,None,None,None,None,None,None,None,None,None,None,0
12.52326774597168,0.010989904403686523,2.0015525817871094,7.4986395835876465,7.4986395835876465,0.22889992594718933,0.02555162087082863,0.02555162087082863,12.6875,8.1875,8.1875,None,None,None,None,None,None,None,None,None,None,None,None,None,None,None,None,None,None,None,None,None,None,None,None,None,None,None,0
12.557066917419434,0.033799171447753906,1.599326729774475,7.422025203704834,7.422025203704834,0.39072686433792114,0.1085943877696991,0.1085943877696991,13.1875,7.9375,7.9375,None,None,None,None,None,None,None,None,None,None,None,None,None,None,None,None,None,None,None,None,None,None,None,None,None,None,None,0
12.574788808822632,0.017721891403198242,1.3407529592514038,6.971915245056152,6.971915245056152,0.39072686433792114,0.21505947411060333,0.21505947411060333,13.4375,8.25,8.25,None,None,None,None,None,None,None,None,None,None,None,None,None,None,None,None,None,None,None,None,None,None,None,None,None,None,None,0
12.589802980422974,0.015014171600341797,2.7772738933563232,7.7763671875,7.7763671875,0.20441296696662903,0.38114500045776367,0.38114500045776367,13.875,8.1875,8.1875,None,None,None,None,None,None,None,None,None,None,None,None,None,None,None,None,None,None,None,None,None,None,None,None,None,None,None,0
12.60903286933899,0.019229888916015625,2.940079689025879,7.546523571014404,7.546523571014404,0.07665485888719559,0.3162012994289398,0.3162012994289398,14.25,8.4375,8.4375,None,None,None,None,None,None,None,None,None,None,None,None,None,None,None,None,None,None,None,None,None,None,None,None,None,None,None,0
12.6649489402771,0.05591607093811035,1.5131354331970215,6.742072105407715,6.742072105407715,-0.14798647165298462,0.5014505386352539,0.5014505386352539,15.3125,8.5,8.5,None,None,None,None,None,None,None,None,None,None,None,None,None,None,None,None,None,None,None,None,None,None,None,None,None,None,None,0
12.668760776519775,0.0038118362426757812,0.181959331035614,6.732495307922363,6.732495307922363,-0.1543743759393692,0.6760532855987549,0.6760532855987549,15.375,8.625,8.625,None,None,None,None,None,None,None,None,None,None,None,None,None,None,None,None,None,None,None,None,None,None,None,None,None,None,None,0
12.672890663146973,0.004129886627197266,0.6033388376235962,6.732495307922363,6.732495307922363,-0.17673203349113464,0.4237310290336609,0.4237310290336609,15.8125,9.125,9.125,None,None,None,None,None,None,None,None,None,None,None,None,None,None,None,None,None,None,None,None,None,None,None,None,None,None,None,0
12.69224500656128,0.01935434341430664,1.3120225667953491,6.186617374420166,6.186617374420166,0.10007718205451965,-0.0734609067440033,-0.0734609067440033,16.25,9.75,9.75,None,None,None,None,None,None,None,None,None,None,None,None,None,None,None,None,None,None,None,None,None,None,None,None,None,None,None,0
12.711097717285156,0.018852710723876953,2.2888567447662354,6.349422931671143,6.349422931671143,0.3332357108592987,-0.43650683760643005,-0.43650683760643005,16.5,9.625,9.625,None,None,None,None,None,None,None,None,None,None,None,None,None,None,None,None,None,None,None,None,None,None,None,None,None,None,None,0
12.72926378250122,0.018166065216064453,2.9305028915405273,6.502651691436768,6.502651691436768,0.405631959438324,-0.44715335965156555,-0.44715335965156555,16.25,8.9375,8.9375,None,None,None,None,None,None,None,None,None,None,None,None,None,None,None,None,None,None,None,None,None,None,None,None,None,None,None,0
12.758124589920044,0.028860807418823242,3.2082302570343018,7.096413612365723,7.096413612365723,0.2416757345199585,-0.16182692348957062,-0.16182692348957062,16.125,8.6875,8.6875,None,None,None,None,None,None,None,None,None,None,None,None,None,None,None,None,None,None,None,None,None,None,None,None,None,None,None,0
12.77342176437378,0.015297174453735352,3.485957622528076,7.354987621307373,7.354987621307373,0.021293016150593758,0.24061109125614166,0.24061109125614166,16.1875,9.1875,9.1875,None,None,None,None,None,None,None,None,None,None,None,None,None,None,None,None,None,None,None,None,None,None,None,None,None,None,None,0
12.791728734970093,0.018306970596313477,3.3710360527038574,7.240066051483154,7.240066051483154,-0.05216789245605469,0.4003087282180786,0.4003087282180786,16.6875,9.0625,9.0625,None,None,None,None,None,None,None,None,None,None,None,None,None,None,None,None,None,None,None,None,None,None,None,None,None,None,None,0
12.812248706817627,0.02051997184753418,2.518700122833252,7.01979923248291,7.01979923248291,0.05749114602804184,0.9752201437950134,0.9752201437950134,16.9375,9.125,9.125,None,None,None,None,None,None,None,None,None,None,None,None,None,None,None,None,None,None,None,None,None,None,None,None,None,None,None,0
12.825347661972046,0.013098955154418945,0.8140285611152649,6.789956092834473,6.789956092834473,0.281067818403244,0.7548374533653259,0.7548374533653259,17.0,9.125,9.125,None,None,None,None,None,None,None,None,None,None,None,None,None,None,None,None,None,None,None,None,None,None,None,None,None,None,None,0
12.858115673065186,0.03276801109313965,0.45010992884635925,6.761225700378418,6.761225700378418,0.38753291964530945,0.5014505386352539,0.5014505386352539,16.625,9.4375,9.4375,None,None,None,None,None,None,None,None,None,None,None,None,None,None,None,None,None,None,None,None,None,None,None,None,None,None,None,0
12.876246690750122,0.018131017684936523,-0.363918662071228,6.655880928039551,6.655880928039551,0.5174202919006348,-0.3406882584095001,-0.3406882584095001,16.0,9.1875,9.1875,None,None,None,None,None,None,None,None,None,None,None,None,None,None,None,None,None,None,None,None,None,None,None,None,None,None,None,0
12.893251657485962,0.017004966735839844,0.2777273952960968,7.115567684173584,7.115567684173584,0.4173431396484375,-0.6174975037574768,-0.6174975037574768,15.625,8.875,8.875,None,None,None,None,None,None,None,None,None,None,None,None,None,None,None,None,None,None,None,None,None,None,None,None,None,None,None,0
12.909044981002808,0.015793323516845703,0.9193734526634216,7.086836814880371,7.086836814880371,0.3673045337200165,-0.6143035292625427,-0.6143035292625427,15.3125,8.125,8.125,None,None,None,None,None,None,None,None,None,None,None,None,None,None,None,None,None,None,None,None,None,None,None,None,None,None,None,0
12.931784868240356,0.022739887237548828,2.0398597717285156,6.722918510437012,6.722918510437012,0.3854036033153534,-0.41201987862586975,-0.41201987862586975,15.4375,7.8125,7.8125,None,None,None,None,None,None,None,None,None,None,None,None,None,None,None,None,None,None,None,None,None,None,None,None,None,None,None,0
12.94214677810669,0.010361909866333008,1.5418659448623657,7.01979923248291,7.01979923248291,0.36943385004997253,-0.23954643309116364,-0.23954643309116364,15.4375,7.5625,7.5625,None,None,None,None,None,None,None,None,None,None,None,None,None,None,None,None,None,None,None,None,None,None,None,None,None,None,None,0
12.97547960281372,0.03333282470703125,1.2737152576446533,7.067683219909668,7.067683219909668,0.34494686126708984,-0.16076228022575378,-0.16076228022575378,15.6875,7.6875,7.6875,None,None,None,None,None,None,None,None,None,None,None,None,None,None,None,None,None,None,None,None,None,None,None,None,None,None,None,0
12.993207693099976,0.017728090286254883,0.47884035110473633,7.2113356590271,7.2113356590271,0.20760691165924072,-0.19163715839385986,-0.19163715839385986,15.5625,7.9375,7.9375,None,None,None,None,None,None,None,None,None,None,None,None,None,None,None,None,None,None,None,None,None,None,None,None,None,None,None,0
13.009070634841919,0.01586294174194336,1.5322890281677246,7.594407558441162,7.594407558441162,0.11711159348487854,-0.2065422683954239,-0.2065422683954239,15.5,7.25,7.25,None,None,None,None,None,None,None,None,None,None,None,None,None,None,None,None,None,None,None,None,None,None,None,None,None,None,None,0
13.02899980545044,0.019929170608520508,1.656787633895874,7.000645637512207,7.000645637512207,0.10007718205451965,-0.1362753063440323,-0.1362753063440323,15.25,6.9375,6.9375,None,None,None,None,None,None,None,None,None,None,None,None,None,None,None,None,None,None,None,None,None,None,None,None,None,None,None,0
13.059232950210571,0.030233144760131836,1.6663644313812256,6.89530086517334,6.89530086517334,0.1820552945137024,-0.2352878302335739,-0.2352878302335739,15.0,6.6875,6.6875,None,None,None,None,None,None,None,None,None,None,None,None,None,None,None,None,None,None,None,None,None,None,None,None,None,None,None,0
13.062749862670898,0.0035169124603271484,1.647210717201233,6.914454460144043,6.914454460144043,0.3534640669822693,-0.16395622491836548,-0.16395622491836548,14.625,6.8125,6.8125,None,None,None,None,None,None,None,None,None,None,None,None,None,None,None,None,None,None,None,None,None,None,None,None,None,None,None,0
13.093402862548828,0.030652999877929688,1.3024457693099976,6.876147270202637,6.876147270202637,0.504644513130188,-0.1852492392063141,-0.1852492392063141,14.5,6.9375,6.9375,None,None,None,None,None,None,None,None,None,None,None,None,None,None,None,None,None,None,None,None,None,None,None,None,None,None,None,0
13.11183786392212,0.018435001373291016,1.091755986213684,6.914454460144043,6.914454460144043,0.45354124903678894,-0.29277896881103516,-0.29277896881103516,14.3125,7.0625,7.0625,None,None,None,None,None,None,None,None,None,None,None,None,None,None,None,None,None,None,None,None,None,None,None,None,None,None,None,0
13.127200841903687,0.015362977981567383,1.1779472827911377,7.096413612365723,7.096413612365723,0.2587101459503174,-0.4173431396484375,-0.4173431396484375,14.3125,6.9375,6.9375,None,None,None,None,None,None,None,None,None,None,None,None,None,None,None,None,None,None,None,None,None,None,None,None,None,None,None,0
13.148983716964722,0.021782875061035156,1.1683704853057861,7.173028469085693,7.173028469085693,0.20441296696662903,-0.46525242924690247,-0.46525242924690247,13.9375,6.375,6.375,None,None,None,None,None,None,None,None,None,None,None,None,None,None,None,None,None,None,None,None,None,None,None,None,None,None,None,0
13.177452802658081,0.028469085693359375,1.1875240802764893,7.268796443939209,7.268796443939209,0.2203827202320099,-0.639855146408081,-0.639855146408081,13.875,5.5625,5.5625,None,None,None,None,None,None,None,None,None,None,None,None,None,None,None,None,None,None,None,None,None,None,None,None,None,None,None,0
13.18226671218872,0.0048139095306396484,1.2449848651885986,7.1921820640563965,7.1921820640563965,0.3076840937137604,-0.6835058331489563,-0.6835058331489563,13.6875,5.6875,5.6875,None,None,None,None,None,None,None,None,None,None,None,None,None,None,None,None,None,None,None,None,None,None,None,None,None,None,None,0
13.210846900939941,0.028580188751220703,0.9481038451194763,7.15387487411499,7.15387487411499,0.3428175747394562,-0.735673725605011,-0.735673725605011,13.375,5.75,5.75,None,None,None,None,None,None,None,None,None,None,None,None,None,None,None,None,None,None,None,None,None,None,None,None,None,None,None,0
13.232805728912354,0.02195882797241211,0.507570743560791,7.556100368499756,7.556100368499756,0.28852036595344543,-1.318037748336792,-1.318037748336792,12.875,5.625,5.625,None,None,None,None,None,None,None,None,None,None,None,None,None,None,None,None,None,None,None,None,None,None,None,None,None,None,None,0
13.247513771057129,0.01470804214477539,2.4133553504943848,7.393294811248779,7.393294811248779,0.33110642433166504,-1.781160831451416,-1.781160831451416,12.25,5.4375,5.4375,None,None,None,None,None,None,None,None,None,None,None,None,None,None,None,None,None,None,None,None,None,None,None,None,None,None,None,0
13.280348777770996,0.03283500671386719,3.0837318897247314,7.383718013763428,7.383718013763428,0.4141491651535034,-1.761997103691101,-1.761997103691101,11.5625,5.3125,5.3125,None,None,None,None,None,None,None,None,None,None,None,None,None,None,None,None,None,None,None,None,None,None,None,None,None,None,None,0
13.342484951019287,0.062136173248291016,3.265691041946411,7.134721279144287,7.134721279144287,0.4237310290336609,-0.9592503905296326,-0.9592503905296326,10.3125,4.8125,4.8125,None,None,None,None,None,None,None,None,None,None,None,None,None,None,None,None,None,None,None,None,None,None,None,None,None,None,None,0
13.34277868270874,0.000293731689453125,2.3750481605529785,7.173028469085693,7.173028469085693,0.33430036902427673,-0.7740011811256409,-0.7740011811256409,9.625,4.875,4.875,None,None,None,None,None,None,None,None,None,None,None,None,None,None,None,None,None,None,None,None,None,None,None,None,None,None,None,0
13.344331741333008,0.0015530586242675781,2.212242364883423,7.268796443939209,7.268796443939209,0.24380503594875336,-0.657954216003418,-0.657954216003418,9.25,4.5625,4.5625,None,None,None,None,None,None,None,None,None,None,None,None,None,None,None,None,None,None,None,None,None,None,None,None,None,None,None,0
13.35214900970459,0.007817268371582031,2.1547815799713135,7.364564418792725,7.364564418792725,-0.07133160531520844,-0.4705756604671478,-0.4705756604671478,9.375,4.0625,4.0625,None,None,None,None,None,None,None,None,None,None,None,None,None,None,None,None,None,None,None,None,None,None,None,None,None,None,None,0
13.364717721939087,0.01256871223449707,1.9057846069335938,7.0772600173950195,7.0772600173950195,-0.3225892186164856,-0.3885975480079651,-0.3885975480079651,9.3125,4.1875,4.1875,None,None,None,None,None,None,None,None,None,None,None,None,None,None,None,None,None,None,None,None,None,None,None,None,None,None,None,0
13.395787715911865,0.03106999397277832,2.212242364883423,6.962338447570801,6.962338447570801,-0.455670565366745,-0.3832743167877197,-0.3832743167877197,8.4375,3.625,3.625,None,None,None,None,None,None,None,None,None,None,None,None,None,None,None,None,None,None,None,None,None,None,None,None,None,None,None,0
13.414268732070923,0.018481016159057617,2.7293899059295654,6.818686485290527,6.818686485290527,-0.7463202476501465,-0.47483426332473755,-0.47483426332473755,7.9375,3.625,3.625,None,None,None,None,None,None,None,None,None,None,None,None,None,None,None,None,None,None,None,None,None,None,None,None,None,None,None,0
13.430558919906616,0.01629018783569336,3.2082302570343018,6.780379295349121,6.780379295349121,-0.6494370102882385,-0.5184849500656128,-0.5184849500656128,7.625,3.8125,3.8125,None,None,None,None,None,None,None,None,None,None,None,None,None,None,None,None,None,None,None,None,None,None,None,None,None,None,None,0
13.448754787445068,0.01819586753845215,2.8634653091430664,6.646304130554199,6.646304130554199,-0.5429719090461731,-0.456735223531723,-0.456735223531723,7.25,4.0625,4.0625,None,None,None,None,None,None,None,None,None,None,None,None,None,None,None,None,None,None,None,None,None,None,None,None,None,None,None,0
13.480851888656616,0.03209710121154785,1.7142484188079834,6.617573261260986,6.617573261260986,-0.3641105890274048,-0.03087487444281578,-0.03087487444281578,6.8125,3.6875,3.6875,None,None,None,None,None,None,None,None,None,None,None,None,None,None,None,None,None,None,None,None,None,None,None,None,None,None,None,0
13.48235273361206,0.001500844955444336,0.26815059781074524,7.249642848968506,7.249642848968506,-0.4130845367908478,0.1469218134880066,0.1469218134880066,6.8125,3.0,3.0,None,None,None,None,None,None,None,None,None,None,None,None,None,None,None,None,None,None,None,None,None,None,None,None,None,None,None,0
13.51431679725647,0.03196406364440918,-0.2777273952960968,7.450755596160889,7.450755596160889,-0.45460590720176697,0.09901253134012222,0.09901253134012222,7.0625,3.1875,3.1875,None,None,None,None,None,None,None,None,None,None,None,None,None,None,None,None,None,None,None,None,None,None,None,None,None,None,None,0
13.531953811645508,0.017637014389038086,0.22026655077934265,7.307103633880615,7.307103633880615,-0.4418300986289978,0.048973940312862396,0.048973940312862396,7.25,3.0625,3.0625,None,None,None,None,None,None,None,None,None,None,None,None,None,None,None,None,None,None,None,None,None,None,None,None,None,None,None,0
13.54927682876587,0.017323017120361328,0.545877993106842,7.201758861541748,7.201758861541748,-0.406696617603302,0.2661627233028412,0.2661627233028412,7.4375,3.125,3.125,None,None,None,None,None,None,None,None,None,None,None,None,None,None,None,None,None,None,None,None,None,None,None,None,None,None,None,0
13.569593667984009,0.02031683921813965,0.2777273952960968,7.479485988616943,7.479485988616943,-0.4024380147457123,0.39711475372314453,0.39711475372314453,7.4375,3.625,3.625,None,None,None,None,None,None,None,None,None,None,None,None,None,None,None,None,None,None,None,None,None,None,None,None,None,None,None,0
13.604068756103516,0.034475088119506836,-0.13407529890537262,7.4316020011901855,7.4316020011901855,-0.5291314721107483,0.5951398015022278,0.5951398015022278,7.375,3.0,3.0,None,None,None,None,None,None,None,None,None,None,None,None,None,None,None,None,None,None,None,None,None,None,None,None,None,None,None,0
13.604554891586304,0.00048613548278808594,-0.8619126081466675,7.575253963470459,7.575253963470459,-0.6004630923271179,0.2842617630958557,0.2842617630958557,7.3125,2.3125,2.3125,None,None,None,None,None,None,None,None,None,None,None,None,None,None,None,None,None,None,None,None,None,None,None,None,None,None,None,0
13.700188875198364,0.09563398361206055,-0.6512228846549988,7.393294811248779,7.393294811248779,-0.5781053900718689,0.10646508634090424,0.10646508634090424,7.0625,1.75,1.75,None,None,None,None,None,None,None,None,None,None,None,None,None,None,None,None,None,None,None,None,None,None,None,None,None,None,None,0
13.703925848007202,0.0037369728088378906,0.10534487664699554,7.144298076629639,7.144298076629639,-0.36943385004997253,-0.05749114602804184,-0.05749114602804184,6.625,1.375,1.375,None,None,None,None,None,None,None,None,None,None,None,None,None,None,None,None,None,None,None,None,None,None,None,None,None,None,None,0
13.704913854598999,0.000988006591796875,-0.15322890877723694,7.364564418792725,7.364564418792725,-0.2736152708530426,0.10433578491210938,0.10433578491210938,6.875,2.625,2.625,None,None,None,None,None,None,None,None,None,None,None,None,None,None,None,None,None,None,None,None,None,None,None,None,None,None,None,0
13.705679655075073,0.0007658004760742188,-0.38307225704193115,7.2113356590271,7.2113356590271,-0.22889992594718933,0.12137019634246826,0.12137019634246826,7.1875,2.9375,2.9375,None,None,None,None,None,None,None,None,None,None,None,None,None,None,None,None,None,None,None,None,None,None,None,None,None,None,None,0
13.713811874389648,0.008132219314575195,-0.6991068720817566,6.89530086517334,6.89530086517334,-0.08517206460237503,-0.4003087282180786,-0.4003087282180786,7.4375,3.0,3.0,None,None,None,None,None,None,None,None,None,None,None,None,None,None,None,None,None,None,None,None,None,None,None,None,None,None,None,0
13.732314825057983,0.01850295066833496,-0.507570743560791,6.57926607131958,6.57926607131958,-0.014905111864209175,-0.7590960264205933,-0.7590960264205933,6.5625,2.25,2.25,None,None,None,None,None,None,None,None,None,None,None,None,None,None,None,None,None,None,None,None,None,None,None,None,None,None,None,0
13.749003648757935,0.016688823699951172,-0.3447650372982025,6.435614109039307,6.435614109039307,-0.03300417587161064,-0.8219104409217834,-0.8219104409217834,6.4375,2.125,2.125,None,None,None,None,None,None,None,None,None,None,None,None,None,None,None,None,None,None,None,None,None,None,None,None,None,None,None,0
13.782740831375122,0.0337371826171875,0.3926490843296051,6.464344501495361,6.464344501495361,-0.2310292273759842,-0.08623671531677246,-0.08623671531677246,6.3125,1.9375,1.9375,None,None,None,None,None,None,None,None,None,None,None,None,None,None,None,None,None,None,None,None,None,None,None,None,None,None,None,0
13.785848617553711,0.003107786178588867,-0.07661445438861847,6.464344501495361,6.464344501495361,-0.24486969411373138,0.022357666864991188,0.022357666864991188,6.25,2.1875,2.1875,None,None,None,None,None,None,None,None,None,None,None,None,None,None,None,None,None,None,None,None,None,None,None,None,None,None,None,0
13.81538200378418,0.02953338623046875,-0.047884032130241394,6.636727333068848,6.636727333068848,-0.24486969411373138,0.022357666864991188,0.022357666864991188,6.4375,2.375,2.375,None,None,None,None,None,None,None,None,None,None,None,None,None,None,None,None,None,None,None,None,None,None,None,None,None,None,None,0
13.832343816757202,0.01696181297302246,0.38307225704193115,7.450755596160889,7.450755596160889,-0.08623671531677246,-0.22570598125457764,-0.22570598125457764,6.3125,2.125,2.125,None,None,None,None,None,None,None,None,None,None,None,None,None,None,None,None,None,None,None,None,None,None,None,None,None,None,None,0
13.848604917526245,0.01626110076904297,0.31603461503982544,8.647856712341309,8.647856712341309,0.15863297879695892,-0.3641105890274048,-0.3641105890274048,5.9375,2.0625,2.0625,None,None,None,None,None,None,None,None,None,None,None,None,None,None,None,None,None,None,None,None,None,None,None,None,None,None,None,0
13.868931770324707,0.020326852798461914,0.2585737705230713,9.184157371520996,9.184157371520996,0.2661627233028412,-0.4737696349620819,-0.4737696349620819,5.3125,2.3125,2.3125,None,None,None,None,None,None,None,None,None,None,None,None,None,None,None,None,None,None,None,None,None,None,None,None,None,None,None,0
13.898745775222778,0.02981400489807129,0.9385270476341248,9.27034854888916,9.27034854888916,0.4386361539363861,-0.8400095105171204,-0.8400095105171204,5.6875,2.0625,2.0625,None,None,None,None,None,None,None,None,None,None,None,None,None,None,None,None,None,None,None,None,None,None,None,None,None,None,None,0
13.902127742767334,0.003381967544555664,2.250549554824829,7.862558364868164,7.862558364868164,0.5280668139457703,-0.562135636806488,-0.562135636806488,5.5,1.5625,1.5625,None,None,None,None,None,None,None,None,None,None,None,None,None,None,None,None,None,None,None,None,None,None,None,None,None,None,None,0
13.93257761001587,0.030449867248535156,1.8195933103561401,7.4986395835876465,7.4986395835876465,0.5962044596672058,-0.19057250022888184,-0.19057250022888184,5.6875,1.0,1.0,None,None,None,None,None,None,None,None,None,None,None,None,None,None,None,None,None,None,None,None,None,None,None,None,None,None,None,0
13.951822757720947,0.019245147705078125,0.8140285611152649,8.916007041931152,8.916007041931152,0.4109552204608917,0.5514891147613525,0.5514891147613525,5.4375,0.375,0.375,None,None,None,None,None,None,None,None,None,None,None,None,None,None,None,None,None,None,None,None,None,None,None,None,None,None,None,0
13.966273784637451,0.014451026916503906,1.3407529592514038,7.201758861541748,7.201758861541748,0.5333900451660156,0.456735223531723,0.456735223531723,5.4375,1.5625,1.5625,None,None,None,None,None,None,None,None,None,None,None,None,None,None,None,None,None,None,None,None,None,None,None,None,None,None,None,0
13.988683700561523,0.022409915924072266,0.8906430602073669,6.8378400802612305,6.8378400802612305,0.5972691178321838,0.4758989214897156,0.4758989214897156,5.4375,1.4375,1.4375,None,None,None,None,None,None,None,None,None,None,None,None,None,None,None,None,None,None,None,None,None,None,None,None,None,None,None,0
14.017082691192627,0.028398990631103516,0.3734954595565796,6.904877662658691,6.904877662658691,0.08836601674556732,0.9848020076751709,0.9848020076751709,5.375,1.3125,1.3125,None,None,None,None,None,None,None,None,None,None,None,None,None,None,None,None,None,None,None,None,None,None,None,None,None,None,None,0
14.022534847259521,0.005452156066894531,1.37906014919281,7.240066051483154,7.240066051483154,-0.44395941495895386,1.492640495300293,1.492640495300293,6.0625,1.1875,1.1875,None,None,None,None,None,None,None,None,None,None,None,None,None,None,None,None,None,None,None,None,None,None,None,None,None,None,None,0
14.050342798233032,0.027807950973510742,3.9264907836914062,7.757213592529297,7.757213592529297,-0.6324025988578796,1.6214631795883179,1.6214631795883179,6.6875,0.875,0.875,None,None,None,None,None,None,None,None,None,None,None,None,None,None,None,None,None,None,None,None,None,None,None,None,None,None,None,0
14.07219672203064,0.021853923797607422,2.4229321479797363,7.623138427734375,7.623138427734375,-0.8314923048019409,0.4908040463924408,0.4908040463924408,6.6875,1.625,1.625,None,None,None,None,None,None,None,None,None,None,None,None,None,None,None,None,None,None,None,None,None,None,None,None,None,None,None,0
14.083382606506348,0.011185884475708008,0.23942017555236816,6.847416877746582,6.847416877746582,-0.4098905622959137,-0.044715333729982376,-0.044715333729982376,7.0625,1.8125,1.8125,None,None,None,None,None,None,None,None,None,None,None,None,None,None,None,None,None,None,None,None,None,None,None,None,None,None,None,0
14.117015600204468,0.03363299369812012,-0.1149216815829277,6.694188117980957,6.694188117980957,-0.19696040451526642,-0.30981338024139404,-0.30981338024139404,6.8125,2.25,2.25,None,None,None,None,None,None,None,None,None,None,None,None,None,None,None,None,None,None,None,None,None,None,None,None,None,None,None,0
14.135530948638916,0.018515348434448242,-0.5937620401382446,6.722918510437012,6.722918510437012,0.21293017268180847,-0.3044901490211487,-0.3044901490211487,7.1875,2.0625,2.0625,None,None,None,None,None,None,None,None,None,None,None,None,None,None,None,None,None,None,None,None,None,None,None,None,None,None,None,0
14.15121579170227,0.015684843063354492,-0.5841852426528931,7.134721279144287,7.134721279144287,0.2555162012577057,-0.09688322991132736,-0.09688322991132736,6.5625,1.125,1.125,None,None,None,None,None,None,None,None,None,None,None,None,None,None,None,None,None,None,None,None,None,None,None,None,None,None,None,0
14.16870379447937,0.01748800277709961,-0.5650315880775452,7.163451671600342,7.163451671600342,0.23315852880477905,-0.0351334773004055,-0.0351334773004055,6.1875,0.375,0.375,None,None,None,None,None,None,None,None,None,None,None,None,None,None,None,None,None,None,None,None,None,None,None,None,None,None,None,0
14.250611782073975,0.08190798759460449,-0.7374141216278076,7.163451671600342,7.163451671600342,0.02661627158522606,-0.0596204474568367,-0.0596204474568367,5.9375,0.0625,0.0625,None,None,None,None,None,None,None,None,None,None,None,None,None,None,None,None,None,None,None,None,None,None,None,None,None,None,None,0
14.251795768737793,0.0011839866638183594,-1.3311761617660522,6.751648902893066,6.751648902893066,-0.17779669165611267,-0.16608552634716034,-0.16608552634716034,6.5,0.25,0.25,None,None,None,None,None,None,None,None,None,None,None,None,None,None,None,None,None,None,None,None,None,None,None,None,None,None,None,0
14.252107620239258,0.00031185150146484375,-1.4748282432556152,6.57926607131958,6.57926607131958,-0.25019294023513794,-0.2001543641090393,-0.2001543641090393,6.5625,0.5,0.5,None,None,None,None,None,None,None,None,None,None,None,None,None,None,None,None,None,None,None,None,None,None,None,None,None,None,None,0
14.25433087348938,0.0022232532501220703,-1.5897499322891235,6.540958881378174,6.540958881378174,-0.24380503594875336,-0.281067818403244,-0.281067818403244,6.6875,-0.3125,-0.3125,None,None,None,None,None,None,None,None,None,None,None,None,None,None,None,None,None,None,None,None,None,None,None,None,None,None,None,0
14.273109912872314,0.01877903938293457,-1.292868971824646,6.550535678863525,6.550535678863525,-0.13414600491523743,-0.18631389737129211,-0.18631389737129211,6.4375,-0.3125,-0.3125,None,None,None,None,None,None,None,None,None,None,None,None,None,None,None,None,None,None,None,None,None,None,None,None,None,None,None,0
14.28935194015503,0.016242027282714844,-1.158793568611145,6.6846113204956055,6.6846113204956055,-0.07452555745840073,-0.14585717022418976,-0.14585717022418976,6.1875,-0.3125,-0.3125,None,None,None,None,None,None,None,None,None,None,None,None,None,None,None,None,None,None,None,None,None,None,None,None,None,None,None,0
14.318625688552856,0.02927374839782715,-1.1109095811843872,6.962338447570801,6.962338447570801,-0.017034413293004036,-0.1362753063440323,-0.1362753063440323,6.0,-0.25,-0.25,None,None,None,None,None,None,None,None,None,None,None,None,None,None,None,None,None,None,None,None,None,None,None,None,None,None,None,0
14.321998834609985,0.0033731460571289062,-1.015141487121582,6.761225700378418,6.761225700378418,-0.06068509817123413,-0.041521381586790085,-0.041521381586790085,5.9375,-0.25,-0.25,None,None,None,None,None,None,None,None,None,None,None,None,None,None,None,None,None,None,None,None,None,None,None,None,None,None,None,0
14.35382866859436,0.031829833984375,-1.1109095811843872,6.789956092834473,6.789956092834473,-0.06600835174322128,0.02342231757938862,0.02342231757938862,6.0625,0.0,0.0,None,None,None,None,None,None,None,None,None,None,None,None,None,None,None,None,None,None,None,None,None,None,None,None,None,None,None,0
14.371813774108887,0.017985105514526367,-1.1875240802764893,6.799532890319824,6.799532890319824,0.042586032301187515,0.008517206646502018,0.008517206646502018,6.0625,-0.75,-0.75,None,None,None,None,None,None,None,None,None,None,None,None,None,None,None,None,None,None,None,None,None,None,None,None,None,None,None,0
14.387590885162354,0.015777111053466797,-1.216254472732544,6.8378400802612305,6.8378400802612305,0.13733996450901031,0.01171115878969431,0.01171115878969431,5.9375,-0.75,-0.75,None,None,None,None,None,None,None,None,None,None,None,None,None,None,None,None,None,None,None,None,None,None,None,None,None,None,None,0
14.408734798431396,0.02114391326904297,-1.158793568611145,6.799532890319824,6.799532890319824,0.14798647165298462,0.021293016150593758,0.021293016150593758,6.0625,-0.1875,-0.1875,None,None,None,None,None,None,None,None,None,None,None,None,None,None,None,None,None,None,None,None,None,None,None,None,None,None,None,0
14.437626838684082,0.028892040252685547,-1.015141487121582,6.885724067687988,6.885724067687988,-0.06387905031442642,-0.022357666864991188,-0.022357666864991188,5.75,0.375,0.375,None,None,None,None,None,None,None,None,None,None,None,None,None,None,None,None,None,None,None,None,None,None,None,None,None,None,None,0
14.442233800888062,0.004606962203979492,-0.727837324142456,6.789956092834473,6.789956092834473,-0.15650367736816406,-0.045779984444379807,-0.045779984444379807,6.0,0.4375,0.4375,None,None,None,None,None,None,None,None,None,None,None,None,None,None,None,None,None,None,None,None,None,None,None,None,None,None,None,0
14.4717857837677,0.029551982879638672,-0.6703764796257019,6.828263282775879,6.828263282775879,-0.15969762206077576,-0.070266954600811,-0.070266954600811,6.375,0.5,0.5,None,None,None,None,None,None,None,None,None,None,None,None,None,None,None,None,None,None,None,None,None,None,None,None,None,None,None,0
14.492122888565063,0.02033710479736328,-0.5554547905921936,6.847416877746582,6.847416877746582,-0.06494370102882385,-0.12349949777126312,-0.12349949777126312,6.25,0.375,0.375,None,None,None,None,None,None,None,None,None,None,None,None,None,None,None,None,None,None,None,None,None,None,None,None,None,None,None,0
14.506347894668579,0.014225006103515625,-0.4118026793003082,6.9240312576293945,6.9240312576293945,0.05110324174165726,-0.1575683206319809,-0.1575683206319809,6.3125,-0.3125,-0.3125,None,None,None,None,None,None,None,None,None,None,None,None,None,None,None,None,None,None,None,None,None,None,None,None,None,None,None,0
14.537284851074219,0.03093695640563965,-0.12449848651885986,7.010222434997559,7.010222434997559,0.10114183276891708,-0.15224507451057434,-0.15224507451057434,6.1875,-0.625,-0.625,None,None,None,None,None,None,None,None,None,None,None,None,None,None,None,None,None,None,None,None,None,None,None,None,None,None,None,0
14.554230690002441,0.016945838928222656,-0.06703764945268631,7.201758861541748,7.201758861541748,0.08836601674556732,-0.2491282969713211,-0.2491282969713211,5.75,-0.3125,-0.3125,None,None,None,None,None,None,None,None,None,None,None,None,None,None,None,None,None,None,None,None,None,None,None,None,None,None,None,0
14.57189393043518,0.017663240432739258,-0.06703764945268631,6.981492042541504,6.981492042541504,-0.02768092229962349,-0.3023608326911926,-0.3023608326911926,5.9375,-0.0625,-0.0625,None,None,None,None,None,None,None,None,None,None,None,None,None,None,None,None,None,None,None,None,None,None,None,None,None,None,None,0
14.589201927185059,0.01730799674987793,-0.019153613597154617,6.876147270202637,6.876147270202637,-0.0596204474568367,-0.2778738737106323,-0.2778738737106323,6.125,-0.125,-0.125,None,None,None,None,None,None,None,None,None,None,None,None,None,None,None,None,None,None,None,None,None,None,None,None,None,None,None,0
14.638572692871094,0.049370765686035156,-0.047884032130241394,6.904877662658691,6.904877662658691,-0.06707300245761871,-0.06281439960002899,-0.06281439960002899,5.75,-0.4375,-0.4375,None,None,None,None,None,None,None,None,None,None,None,None,None,None,None,None,None,None,None,None,None,None,None,None,None,None,None,0
14.638823747634888,0.0002510547637939453,0.038307227194309235,6.9910688400268555,6.9910688400268555,-0.06281439960002899,-0.005323254037648439,-0.005323254037648439,5.375,-0.5,-0.5,None,None,None,None,None,None,None,None,None,None,None,None,None,None,None,None,None,None,None,None,None,None,None,None,None,None,None,0
14.656172037124634,0.017348289489746094,0.038307227194309235,7.029376029968262,7.029376029968262,-0.06068509817123413,-0.01171115878969431,-0.01171115878969431,5.625,-0.5,-0.5,None,None,None,None,None,None,None,None,None,None,None,None,None,None,None,None,None,None,None,None,None,None,None,None,None,None,None,0
14.697733879089355,0.04156184196472168,-0.08619125932455063,7.038952827453613,7.038952827453613,-0.07665485888719559,-0.11604694277048111,-0.11604694277048111,5.5625,-0.625,-0.625,None,None,None,None,None,None,None,None,None,None,None,None,None,None,None,None,None,None,None,None,None,None,None,None,None,None,None,0
14.698654890060425,0.0009210109710693359,-0.5267243981361389,6.933608055114746,6.933608055114746,-0.09901253134012222,-0.20121900737285614,-0.20121900737285614,5.5,-0.625,-0.625,None,None,None,None,None,None,None,None,None,None,None,None,None,None,None,None,None,None,None,None,None,None,None,None,None,None,None,0
14.70892071723938,0.010265827178955078,-0.6033388376235962,6.847416877746582,6.847416877746582,-0.12775810062885284,-0.2171887755393982,-0.2171887755393982,5.5,-0.75,-0.75,None,None,None,None,None,None,None,None,None,None,None,None,None,None,None,None,None,None,None,None,None,None,None,None,None,None,None,0
14.739987850189209,0.0310671329498291,-0.6033388376235962,6.818686485290527,6.818686485290527,-0.17779669165611267,-0.22251202166080475,-0.22251202166080475,5.4375,-0.8125,-0.8125,None,None,None,None,None,None,None,None,None,None,None,None,None,None,None,None,None,None,None,None,None,None,None,None,None,None,None,0
14.742034912109375,0.0020470619201660156,-0.33518823981285095,6.703764915466309,6.703764915466309,-0.11178833991289139,-0.06387905031442642,-0.06387905031442642,5.6875,-0.1875,-0.1875,None,None,None,None,None,None,None,None,None,None,None,None,None,None,None,None,None,None,None,None,None,None,None,None,None,None,None,0
14.773965835571289,0.03193092346191406,-0.22026655077934265,6.751648902893066,6.751648902893066,-0.06281439960002899,0.024486970156431198,0.024486970156431198,5.5,-0.5,-0.5,None,None,None,None,None,None,None,None,None,None,None,None,None,None,None,None,None,None,None,None,None,None,None,None,None,None,None,0
14.791876792907715,0.01791095733642578,-0.19153612852096558,6.904877662658691,6.904877662658691,0.02342231757938862,-0.04684463515877724,-0.04684463515877724,5.3125,-0.125,-0.125,None,None,None,None,None,None,None,None,None,None,None,None,None,None,None,None,None,None,None,None,None,None,None,None,None,None,None,0
14.802612781524658,0.01073598861694336,-0.3447650372982025,6.636727333068848,6.636727333068848,0.017034413293004036,-0.1362753063440323,-0.1362753063440323,5.5,-0.25,-0.25,None,None,None,None,None,None,None,None,None,None,None,None,None,None,None,None,None,None,None,None,None,None,None,None,None,None,None,0
14.828694581985474,0.02608180046081543,-0.40222588181495667,6.607996463775635,6.607996463775635,0.008517206646502018,-0.19376645982265472,-0.19376645982265472,5.1875,0.1875,0.1875,None,None,None,None,None,None,None,None,None,None,None,None,None,None,None,None,None,None,None,None,None,None,None,None,None,None,None,0
14.852463722229004,0.023769140243530273,-0.31603461503982544,6.71334171295166,6.71334171295166,-0.01171115878969431,-0.2384817898273468,-0.2384817898273468,5.25,-0.25,-0.25,None,None,None,None,None,None,None,None,None,None,None,None,None,None,None,None,None,None,None,None,None,None,None,None,None,None,None,0
14.86289095878601,0.010427236557006836,0.019153613597154617,6.8378400802612305,6.8378400802612305,-0.022357666864991188,-0.1437278687953949,-0.1437278687953949,5.5625,0.25,0.25,None,None,None,None,None,None,None,None,None,None,None,None,None,None,None,None,None,None,None,None,None,None,None,None,None,None,None,0
14.889042854309082,0.02615189552307129,0.2585737705230713,6.6846113204956055,6.6846113204956055,-0.015969762578606606,-0.05536184459924698,-0.05536184459924698,5.1875,0.3125,0.3125,None,None,None,None,None,None,None,None,None,None,None,None,None,None,None,None,None,None,None,None,None,None,None,None,None,None,None,0
14.912294864654541,0.023252010345458984,0.26815059781074524,7.01979923248291,7.01979923248291,0.1330813616514206,0.08197811245918274,0.08197811245918274,5.0625,0.1875,0.1875,None,None,None,None,None,None,None,None,None,None,None,None,None,None,None,None,None,None,None,None,None,None,None,None,None,None,None,0
14.922643899917603,0.010349035263061523,0.2585737705230713,6.9910688400268555,6.9910688400268555,0.2001543641090393,-0.02342231757938862,-0.02342231757938862,5.0625,0.375,0.375,None,None,None,None,None,None,None,None,None,None,None,None,None,None,None,None,None,None,None,None,None,None,None,None,None,None,None,0
14.953205823898315,0.03056192398071289,0.20111294090747833,6.981492042541504,6.981492042541504,0.20441296696662903,-0.08730136603116989,-0.08730136603116989,5.375,0.375,0.375,None,None,None,None,None,None,None,None,None,None,None,None,None,None,None,None,None,None,None,None,None,None,None,None,None,None,None,0
14.971880912780762,0.01867508888244629,0.09576806426048279,6.933608055114746,6.933608055114746,0.10646508634090424,-0.13414600491523743,-0.13414600491523743,5.125,0.5,0.5,None,None,None,None,None,None,None,None,None,None,None,None,None,None,None,None,None,None,None,None,None,None,None,None,None,None,None,0
14.986644983291626,0.014764070510864258,0.26815059781074524,6.933608055114746,6.933608055114746,0.06600835174322128,-0.043650683015584946,-0.043650683015584946,4.875,0.5,0.5,None,None,None,None,None,None,None,None,None,None,None,None,None,None,None,None,None,None,None,None,None,None,None,None,None,None,None,0
15.008872747421265,0.022227764129638672,0.3447650372982025,6.904877662658691,6.904877662658691,0.04684463515877724,-0.015969762578606606,-0.015969762578606606,4.9375,0.1875,0.1875,None,None,None,None,None,None,None,None,None,None,None,None,None,None,None,None,None,None,None,None,None,None,None,None,None,None,None,0
15.036474704742432,0.027601957321166992,0.5554547905921936,6.971915245056152,6.971915245056152,0.024486970156431198,-0.07984881103038788,-0.07984881103038788,4.75,-0.125,-0.125,None,None,None,None,None,None,None,None,None,None,None,None,None,None,None,None,None,None,None,None,None,None,None,None,None,None,None,0
15.042033910751343,0.005559206008911133,0.3256114423274994,7.115567684173584,7.115567684173584,-0.006387905217707157,-0.28958502411842346,-0.28958502411842346,4.8125,0.0,0.0,None,None,None,None,None,None,None,None,None,None,None,None,None,None,None,None,None,None,None,None,None,None,None,None,None,None,None,0
15.070450782775879,0.028416872024536133,0.3447650372982025,7.038952827453613,7.038952827453613,-0.03193952515721321,-0.40137335658073425,-0.40137335658073425,5.0625,0.1875,0.1875,None,None,None,None,None,None,None,None,None,None,None,None,None,None,None,None,None,None,None,None,None,None,None,None,None,None,None,0
15.091599702835083,0.0211489200592041,0.8236053586006165,6.780379295349121,6.780379295349121,-0.1788613349199295,-0.06068509817123413,-0.06068509817123413,4.9375,0.25,0.25,None,None,None,None,None,None,None,None,None,None,None,None,None,None,None,None,None,None,None,None,None,None,None,None,None,None,None,0
15.104414939880371,0.012815237045288086,1.4460978507995605,6.933608055114746,6.933608055114746,-0.15543901920318604,0.7005402445793152,0.7005402445793152,5.0625,0.625,0.625,None,None,None,None,None,None,None,None,None,None,None,None,None,None,None,None,None,None,None,None,None,None,None,None,None,None,None,0
15.128952741622925,0.02453780174255371,1.3120225667953491,7.268796443939209,7.268796443939209,-0.06600835174322128,0.657954216003418,0.657954216003418,4.9375,0.9375,0.9375,None,None,None,None,None,None,None,None,None,None,None,None,None,None,None,None,None,None,None,None,None,None,None,None,None,None,None,0
15.155188798904419,0.02623605728149414,0.727837324142456,7.134721279144287,7.134721279144287,0.29277896881103516,0.17992599308490753,0.17992599308490753,5.3125,0.375,0.375,None,None,None,None,None,None,None,None,None,None,None,None,None,None,None,None,None,None,None,None,None,None,None,None,None,None,None,0
15.16293478012085,0.007745981216430664,0.009576806798577309,6.732495307922363,6.732495307922363,0.24486969411373138,-0.07665485888719559,-0.07665485888719559,5.25,0.5,0.5,None,None,None,None,None,None,None,None,None,None,None,None,None,None,None,None,None,None,None,None,None,None,None,None,None,None,None,0
15.189177751541138,0.026242971420288086,-0.23942017555236816,6.828263282775879,6.828263282775879,0.16182692348957062,-0.14479251205921173,-0.14479251205921173,5.5,0.5625,0.5625,None,None,None,None,None,None,None,None,None,None,None,None,None,None,None,None,None,None,None,None,None,None,None,None,None,None,None,0
15.211850881576538,0.02267313003540039,0.4213795065879822,6.828263282775879,6.828263282775879,-0.09049531817436218,0.0074525559321045876,0.0074525559321045876,5.25,0.3125,0.3125,None,None,None,None,None,None,None,None,None,None,None,None,None,None,None,None,None,None,None,None,None,None,None,None,None,None,None,0
15.222596883773804,0.010746002197265625,1.2258312702178955,7.163451671600342,7.163451671600342,-0.1085943877696991,0.16076228022575378,0.16076228022575378,5.375,0.4375,0.4375,None,None,None,None,None,None,None,None,None,None,None,None,None,None,None,None,None,None,None,None,None,None,None,None,None,None,None,0
15.248908758163452,0.026311874389648438,1.292868971824646,7.182605266571045,7.182605266571045,-0.06600835174322128,0.17673203349113464,0.17673203349113464,5.0625,1.0,1.0,None,None,None,None,None,None,None,None,None,None,None,None,None,None,None,None,None,None,None,None,None,None,None,None,None,None,None,0
15.273953676223755,0.025044918060302734,1.1875240802764893,6.9240312576293945,6.9240312576293945,0.08304276317358017,0.022357666864991188,0.022357666864991188,5.1875,1.0,1.0,None,None,None,None,None,None,None,None,None,None,None,None,None,None,None,None,None,None,None,None,None,None,None,None,None,None,None,0
15.282378911972046,0.008425235748291016,0.871489405632019,7.2113356590271,7.2113356590271,0.09581857919692993,-0.010646508075296879,-0.010646508075296879,5.75,0.3125,0.3125,None,None,None,None,None,None,None,None,None,None,None,None,None,None,None,None,None,None,None,None,None,None,None,None,None,None,None,0
15.309110641479492,0.02673172950744629,0.7086837291717529,7.259219646453857,7.259219646453857,0.09581857919692993,-0.010646508075296879,-0.010646508075296879,5.6875,0.3125,0.3125,None,None,None,None,None,None,None,None,None,None,None,None,None,None,None,None,None,None,None,None,None,None,None,None,None,None,None,0
15.33188772201538,0.022777080535888672,0.6129156351089478,7.010222434997559,7.010222434997559,0.2352878302335739,0.2778738737106323,0.2778738737106323,5.3125,0.1875,0.1875,None,None,None,None,None,None,None,None,None,None,None,None,None,None,None,None,None,None,None,None,None,None,None,None,None,None,None,0
15.342289924621582,0.010402202606201172,0.3256114423274994,7.048529624938965,7.048529624938965,0.32365384697914124,0.39072686433792114,0.39072686433792114,5.375,0.0,0.0,None,None,None,None,None,None,None,None,None,None,None,None,None,None,None,None,None,None,None,None,None,None,None,None,None,None,None,0
15.372955799102783,0.030665874481201172,0.10534487664699554,7.038952827453613,7.038952827453613,0.330041766166687,0.357722669839859,0.357722669839859,5.5625,0.0,0.0,None,None,None,None,None,None,None,None,None,None,None,None,None,None,None,None,None,None,None,None,None,None,None,None,None,None,None,0
15.392149925231934,0.01919412612915039,0.08619125932455063,6.952761650085449,6.952761650085449,0.34920546412467957,0.020228365436196327,0.020228365436196327,5.5,0.5,0.5,None,None,None,None,None,None,None,None,None,None,None,None,None,None,None,None,None,None,None,None,None,None,None,None,None,None,None,0
15.406169652938843,0.01401972770690918,0.20111294090747833,7.201758861541748,7.201758861541748,0.2629687488079071,-0.1192408949136734,-0.1192408949136734,5.5625,1.0,1.0,None,None,None,None,None,None,None,None,None,None,None,None,None,None,None,None,None,None,None,None,None,None,None,None,None,None,None,0
15.428685665130615,0.02251601219177246,0.181959331035614,7.307103633880615,7.307103633880615,0.22570598125457764,-0.16715018451213837,-0.16715018451213837,5.25,1.0,1.0,None,None,None,None,None,None,None,None,None,None,None,None,None,None,None,None,None,None,None,None,None,None,None,None,None,None,None,0
15.456352949142456,0.02766728401184082,0.19153612852096558,7.383718013763428,7.383718013763428,0.24699899554252625,-0.20441296696662903,-0.20441296696662903,5.6875,0.5,0.5,None,None,None,None,None,None,None,None,None,None,None,None,None,None,None,None,None,None,None,None,None,None,None,None,None,None,None,0
15.46278190612793,0.006428956985473633,0.3256114423274994,7.33583402633667,7.33583402633667,0.3183306157588959,-0.20228366553783417,-0.20228366553783417,5.4375,0.6875,0.6875,None,None,None,None,None,None,None,None,None,None,None,None,None,None,None,None,None,None,None,None,None,None,None,None,None,None,None,0
15.489780902862549,0.02699899673461914,0.2968810200691223,7.3454108238220215,7.3454108238220215,0.35559338331222534,-0.23635248839855194,-0.23635248839855194,5.3125,1.4375,1.4375,None,None,None,None,None,None,None,None,None,None,None,None,None,None,None,None,None,None,None,None,None,None,None,None,None,None,None,0
15.538458824157715,0.048677921295166016,0.2968810200691223,7.354987621307373,7.354987621307373,0.22677062451839447,-0.34175291657447815,-0.34175291657447815,5.25,1.0625,1.0625,None,None,None,None,None,None,None,None,None,None,None,None,None,None,None,None,None,None,None,None,None,None,None,None,None,None,None,0
15.543777704238892,0.005318880081176758,0.727837324142456,7.33583402633667,7.33583402633667,0.020228365436196327,-0.19802506268024445,-0.19802506268024445,5.5,0.625,0.625,None,None,None,None,None,None,None,None,None,None,None,None,None,None,None,None,None,None,None,None,None,None,None,None,None,None,None,0
15.548521995544434,0.004744291305541992,0.7948749661445618,7.393294811248779,7.393294811248779,-0.07878416031599045,-0.12562879920005798,-0.12562879920005798,5.8125,0.5625,0.5625,None,None,None,None,None,None,None,None,None,None,None,None,None,None,None,None,None,None,None,None,None,None,None,None,None,None,None,0
15.574049711227417,0.0255277156829834,1.0342950820922852,7.402871608734131,7.402871608734131,-0.23954643309116364,0.07665485888719559,0.07665485888719559,5.4375,0.5,0.5,None,None,None,None,None,None,None,None,None,None,None,None,None,None,None,None,None,None,None,None,None,None,None,None,None,None,None,0
15.581970930099487,0.007921218872070312,1.3215993642807007,7.4316020011901855,7.4316020011901855,-0.22996458411216736,0.21186551451683044,0.21186551451683044,5.3125,0.4375,0.4375,None,None,None,None,None,None,None,None,None,None,None,None,None,None,None,None,None,None,None,None,None,None,None,None,None,None,None,0
15.609246969223022,0.027276039123535156,1.3694833517074585,7.259219646453857,7.259219646453857,-0.24486969411373138,0.27148595452308655,0.27148595452308655,5.3125,0.1875,0.1875,None,None,None,None,None,None,None,None,None,None,None,None,None,None,None,None,None,None,None,None,None,None,None,None,None,None,None,0
15.631610870361328,0.022363901138305664,1.158793568611145,7.287950038909912,7.287950038909912,-0.15969762206077576,0.17992599308490753,0.17992599308490753,5.6875,0.625,0.625,None,None,None,None,None,None,None,None,None,None,None,None,None,None,None,None,None,None,None,None,None,None,None,None,None,None,None,0
15.642256736755371,0.010645866394042969,1.3503297567367554,7.15387487411499,7.15387487411499,-0.17779669165611267,0.21505947411060333,0.21505947411060333,5.4375,0.625,0.625,None,None,None,None,None,None,None,None,None,None,None,None,None,None,None,None,None,None,None,None,None,None,None,None,None,None,None,0
15.674705743789673,0.03244900703430176,1.6376339197158813,7.287950038909912,7.287950038909912,-0.19163715839385986,0.31726595759391785,0.31726595759391785,5.375,1.3125,1.3125,None,None,None,None,None,None,None,None,None,None,None,None,None,None,None,None,None,None,None,None,None,None,None,None,None,None,None,0
15.692446947097778,0.01774120330810547,1.50355863571167,7.316680431365967,7.316680431365967,-0.09688322991132736,0.36623987555503845,0.36623987555503845,5.8125,1.4375,1.4375,None,None,None,None,None,None,None,None,None,None,None,None,None,None,None,None,None,None,None,None,None,None,None,None,None,None,None,0
15.70206880569458,0.009621858596801758,0.20111294090747833,6.943184852600098,6.943184852600098,-0.02981022372841835,0.3268478214740753,0.3268478214740753,6.0625,1.4375,1.4375,None,None,None,None,None,None,None,None,None,None,None,None,None,None,None,None,None,None,None,None,None,None,None,None,None,None,None,0
15.728937864303589,0.02686905860900879,-0.08619125932455063,6.9240312576293945,6.9240312576293945,-0.0010646508308127522,0.2725506126880646,0.2725506126880646,6.0625,0.875,0.875,None,None,None,None,None,None,None,None,None,None,None,None,None,None,None,None,None,None,None,None,None,None,None,None,None,None,None,0
15.752147912979126,0.02321004867553711,0.6129156351089478,7.15387487411499,7.15387487411499,0.06387905031442642,-0.010646508075296879,-0.010646508075296879,5.75,0.8125,0.8125,None,None,None,None,None,None,None,None,None,None,None,None,None,None,None,None,None,None,None,None,None,None,None,None,None,None,None,0
15.774908781051636,0.022760868072509766,0.24899697303771973,7.316680431365967,7.316680431365967,0.044715333729982376,-0.11391764134168625,-0.11391764134168625,6.3125,0.625,0.625,None,None,None,None,None,None,None,None,None,None,None,None,None,None,None,None,None,None,None,None,None,None,None,None,None,None,None,0
15.792402744293213,0.01749396324157715,0.2585737705230713,7.173028469085693,7.173028469085693,0.03406882658600807,-0.08304276317358017,-0.08304276317358017,6.375,0.1875,0.1875,None,None,None,None,None,None,None,None,None,None,None,None,None,None,None,None,None,None,None,None,None,None,None,None,None,None,None,0
15.81181287765503,0.019410133361816406,0.12449848651885986,7.134721279144287,7.134721279144287,0.015969762578606606,0.12243484705686569,0.12243484705686569,6.3125,0.3125,0.3125,None,None,None,None,None,None,None,None,None,None,None,None,None,None,None,None,None,None,None,None,None,None,None,None,None,None,None,0
15.82626461982727,0.014451742172241211,0.05746084079146385,7.15387487411499,7.15387487411499,-0.040456730872392654,0.21186551451683044,0.21186551451683044,5.875,0.25,0.25,None,None,None,None,None,None,None,None,None,None,None,None,None,None,None,None,None,None,None,None,None,None,None,None,None,None,None,0
15.848637819290161,0.022373199462890625,0.047884032130241394,7.220912456512451,7.220912456512451,-0.08304276317358017,0.19057250022888184,0.19057250022888184,5.75,0.1875,0.1875,None,None,None,None,None,None,None,None,None,None,None,None,None,None,None,None,None,None,None,None,None,None,None,None,None,None,None,0
15.876204013824463,0.027566194534301758,0.07661445438861847,7.115567684173584,7.115567684173584,-0.1469218134880066,0.041521381586790085,0.041521381586790085,6.25,0.25,0.25,None,None,None,None,None,None,None,None,None,None,None,None,None,None,None,None,None,None,None,None,None,None,None,None,None,None,None,0
15.88198184967041,0.005777835845947266,-0.2777273952960968,7.0772600173950195,7.0772600173950195,-0.1330813616514206,-0.140533909201622,-0.140533909201622,6.375,0.75,0.75,None,None,None,None,None,None,None,None,None,None,None,None,None,None,None,None,None,None,None,None,None,None,None,None,None,None,None,0
15.910064697265625,0.028082847595214844,-0.2298433631658554,6.962338447570801,6.962338447570801,-0.12030554562807083,-0.203348308801651,-0.203348308801651,6.5,0.5,0.5,None,None,None,None,None,None,None,None,None,None,None,None,None,None,None,None,None,None,None,None,None,None,None,None,None,None,None,0
15.932417631149292,0.022352933883666992,-0.20111294090747833,7.000645637512207,7.000645637512207,-0.047909289598464966,-0.21931807696819305,-0.21931807696819305,6.3125,0.3125,0.3125,None,None,None,None,None,None,None,None,None,None,None,None,None,None,None,None,None,None,None,None,None,None,None,None,None,None,None,0
15.944227695465088,0.011810064315795898,0.1628057211637497,7.067683219909668,7.067683219909668,-0.05216789245605469,-0.1682148277759552,-0.1682148277759552,6.125,0.125,0.125,None,None,None,None,None,None,None,None,None,None,None,None,None,None,None,None,None,None,None,None,None,None,None,None,None,None,None,0
15.968739748001099,0.024512052536010742,0.2585737705230713,7.1251444816589355,7.1251444816589355,-0.05429719388484955,-0.12562879920005798,-0.12562879920005798,5.625,0.5,0.5,None,None,None,None,None,None,None,None,None,None,None,None,None,None,None,None,None,None,None,None,None,None,None,None,None,None,None,0
15.993725776672363,0.02498602867126465,0.4692635238170624,7.105990409851074,7.105990409851074,-0.06707300245761871,-0.05429719388484955,-0.05429719388484955,5.875,0.875,0.875,None,None,None,None,None,None,None,None,None,None,None,None,None,None,None,None,None,None,None,None,None,None,None,None,None,None,None,0
16.002179622650146,0.008453845977783203,0.4596867263317108,7.1251444816589355,7.1251444816589355,-0.044715333729982376,-0.0596204474568367,-0.0596204474568367,5.875,1.0,1.0,None,None,None,None,None,None,None,None,None,None,None,None,None,None,None,None,None,None,None,None,None,None,None,None,None,None,None,0
16.028971910476685,0.026792287826538086,0.47884035110473633,7.144298076629639,7.144298076629639,-0.04684463515877724,-0.05642649531364441,-0.05642649531364441,5.8125,1.0625,1.0625,None,None,None,None,None,None,None,None,None,None,None,None,None,None,None,None,None,None,None,None,None,None,None,None,None,None,None,0
16.05173397064209,0.022762060165405273,0.5746083855628967,7.105990409851074,7.105990409851074,-0.1330813616514206,0.041521381586790085,0.041521381586790085,5.3125,1.3125,1.3125,None,None,None,None,None,None,None,None,None,None,None,None,None,None,None,None,None,None,None,None,None,None,None,None,None,None,None,0
16.063965797424316,0.012231826782226562,0.8810662031173706,7.086836814880371,7.086836814880371,-0.1469218134880066,0.0947539210319519,0.0947539210319519,5.0625,1.5625,1.5625,None,None,None,None,None,None,None,None,None,None,None,None,None,None,None,None,None,None,None,None,None,None,None,None,None,None,None,0
16.093965768814087,0.029999971389770508,0.9672574996948242,7.2113356590271,7.2113356590271,-0.13201670348644257,0.07239625602960587,0.07239625602960587,5.5,1.3125,1.3125,None,None,None,None,None,None,None,None,None,None,None,None,None,None,None,None,None,None,None,None,None,None,None,None,None,None,None,0
16.111897706985474,0.01793193817138672,1.0630255937576294,7.240066051483154,7.240066051483154,-0.1298874020576477,-0.13733996450901031,-0.13733996450901031,6.125,1.0,1.0,None,None,None,None,None,None,None,None,None,None,None,None,None,None,None,None,None,None,None,None,None,None,None,None,None,None,None,0
16.12210464477539,0.010206937789916992,1.1779472827911377,6.914454460144043,6.914454460144043,-0.140533909201622,-0.14905111491680145,-0.14905111491680145,6.125,1.3125,1.3125,None,None,None,None,None,None,None,None,None,None,None,None,None,None,None,None,None,None,None,None,None,None,None,None,None,None,None,0
16.14912486076355,0.02702021598815918,0.49799394607543945,7.182605266571045,7.182605266571045,-0.1298874020576477,-0.006387905217707157,-0.006387905217707157,6.0,1.1875,1.1875,None,None,None,None,None,None,None,None,None,None,None,None,None,None,None,None,None,None,None,None,None,None,None,None,None,None,None,0
16.17177391052246,0.022649049758911133,1.0630255937576294,7.249642848968506,7.249642848968506,-0.10752973705530167,0.33430036902427673,0.33430036902427673,5.6875,1.0625,1.0625,None,None,None,None,None,None,None,None,None,None,None,None,None,None,None,None,None,None,None,None,None,None,None,None,None,None,None,0
16.18245577812195,0.010681867599487305,1.2066776752471924,6.799532890319824,6.799532890319824,-0.05323254317045212,0.46525242924690247,0.46525242924690247,6.0625,1.375,1.375,None,None,None,None,None,None,None,None,None,None,None,None,None,None,None,None,None,None,None,None,None,None,None,None,None,None,None,0
16.21181583404541,0.029360055923461914,0.9959878921508789,6.71334171295166,6.71334171295166,-0.05536184459924698,0.42586034536361694,0.42586034536361694,5.875,1.625,1.625,None,None,None,None,None,None,None,None,None,None,None,None,None,None,None,None,None,None,None,None,None,None,None,None,None,None,None,0
16.232095956802368,0.020280122756958008,0.2968810200691223,7.1251444816589355,7.1251444816589355,-0.26403340697288513,0.13414600491523743,0.13414600491523743,6.375,1.5625,1.5625,None,None,None,None,None,None,None,None,None,None,None,None,None,None,None,None,None,None,None,None,None,None,None,None,None,None,None,0
16.24557590484619,0.013479948043823242,0.047884032130241394,7.010222434997559,7.010222434997559,-0.14905111491680145,-0.005323254037648439,-0.005323254037648439,6.625,1.0,1.0,None,None,None,None,None,None,None,None,None,None,None,None,None,None,None,None,None,None,None,None,None,None,None,None,None,None,None,0
16.273520708084106,0.02794480323791504,0.13407529890537262,6.876147270202637,6.876147270202637,-0.019163714721798897,-0.0841074138879776,-0.0841074138879776,6.5,1.1875,1.1875,None,None,None,None,None,None,None,None,None,None,None,None,None,None,None,None,None,None,None,None,None,None,None,None,None,None,None,0
16.295700788497925,0.02218008041381836,-0.23942017555236816,6.9910688400268555,6.9910688400268555,0.017034413293004036,-0.07984881103038788,-0.07984881103038788,6.0625,0.9375,0.9375,None,None,None,None,None,None,None,None,None,None,None,None,None,None,None,None,None,None,None,None,None,None,None,None,None,None,None,0
16.302310705184937,0.006609916687011719,-0.26815059781074524,6.6846113204956055,6.6846113204956055,-0.14585717022418976,0.043650683015584946,0.043650683015584946,5.75,0.5625,0.5625,None,None,None,None,None,None,None,None,None,None,None,None,None,None,None,None,None,None,None,None,None,None,None,None,None,None,None,0
16.329285860061646,0.026975154876708984,-0.181959331035614,6.71334171295166,6.71334171295166,-0.2981022298336029,0.08091346174478531,0.08091346174478531,5.5625,0.75,0.75,None,None,None,None,None,None,None,None,None,None,None,None,None,None,None,None,None,None,None,None,None,None,None,None,None,None,None,0
16.351847887039185,0.022562026977539062,-0.09576806426048279,7.096413612365723,7.096413612365723,-0.49186867475509644,0.19802506268024445,0.19802506268024445,5.8125,1.125,1.125,None,None,None,None,None,None,None,None,None,None,None,None,None,None,None,None,None,None,None,None,None,None,None,None,None,None,None,0
16.363571882247925,0.011723995208740234,-0.363918662071228,6.3973069190979,6.3973069190979,-0.41947242617607117,0.44715335965156555,0.44715335965156555,6.5625,1.25,1.25,None,None,None,None,None,None,None,None,None,None,None,None,None,None,None,None,None,None,None,None,None,None,None,None,None,None,None,0
16.389161825180054,0.025589942932128906,-0.4692635238170624,6.167463779449463,6.167463779449463,-0.4482180178165436,0.5163556337356567,0.5163556337356567,6.8125,1.3125,1.3125,None,None,None,None,None,None,None,None,None,None,None,None,None,None,None,None,None,None,None,None,None,None,None,None,None,None,None,0
16.413479804992676,0.02431797981262207,-0.5363011956214905,5.995080947875977,5.995080947875977,-0.5993984341621399,0.281067818403244,0.281067818403244,6.5,1.25,1.25,None,None,None,None,None,None,None,None,None,None,None,None,None,None,None,None,None,None,None,None,None,None,None,None,None,None,None,0
16.42198085784912,0.008501052856445312,-0.40222588181495667,6.607996463775635,6.607996463775635,-0.46844637393951416,-0.5419072508811951,-0.5419072508811951,6.3125,1.4375,1.4375,None,None,None,None,None,None,None,None,None,None,None,None,None,None,None,None,None,None,None,None,None,None,None,None,None,None,None,0
16.4496169090271,0.027636051177978516,-0.24899697303771973,6.521805286407471,6.521805286407471,-0.4386361539363861,-0.661148190498352,-0.661148190498352,6.5,1.6875,1.6875,None,None,None,None,None,None,None,None,None,None,None,None,None,None,None,None,None,None,None,None,None,None,None,None,None,None,None,0
16.47175884246826,0.02214193344116211,0.47884035110473633,6.445190906524658,6.445190906524658,-0.23635248839855194,-0.08304276317358017,-0.08304276317358017,6.25,1.8125,1.8125,None,None,None,None,None,None,None,None,None,None,None,None,None,None,None,None,None,None,None,None,None,None,None,None,None,None,None,0
16.482236862182617,0.010478019714355469,1.4173674583435059,6.8378400802612305,6.8378400802612305,-0.04684463515877724,0.07452555745840073,0.07452555745840073,6.375,2.6875,2.6875,None,None,None,None,None,None,None,None,None,None,None,None,None,None,None,None,None,None,None,None,None,None,None,None,None,None,None,0
16.514323949813843,0.032087087631225586,1.3215993642807007,6.675034523010254,6.675034523010254,-0.006387905217707157,0.18844319880008698,0.18844319880008698,6.5625,2.9375,2.9375,None,None,None,None,None,None,None,None,None,None,None,None,None,None,None,None,None,None,None,None,None,None,None,None,None,None,None,0
16.532712936401367,0.018388986587524414,1.37906014919281,5.95677375793457,5.95677375793457,-0.17034412920475006,0.558941662311554,0.558941662311554,6.8125,3.625,3.625,None,None,None,None,None,None,None,None,None,None,None,None,None,None,None,None,None,None,None,None,None,None,None,None,None,None,None,0
16.608736991882324,0.07602405548095703,0.5650315880775452,6.196194171905518,6.196194171905518,-0.25125759840011597,0.42586034536361694,0.42586034536361694,6.8125,3.5,3.5,None,None,None,None,None,None,None,None,None,None,None,None,None,None,None,None,None,None,None,None,None,None,None,None,None,None,None,0
16.60943078994751,0.0006937980651855469,0.6129156351089478,6.205770969390869,6.205770969390869,-0.2139948159456253,0.35559338331222534,0.35559338331222534,6.9375,3.375,3.375,None,None,None,None,None,None,None,None,None,None,None,None,None,None,None,None,None,None,None,None,None,None,None,None,None,None,None,0
16.611374855041504,0.0019440650939941406,0.8427590131759644,6.358999729156494,6.358999729156494,0.08623671531677246,-0.043650683015584946,-0.043650683015584946,7.3125,3.25,3.25,None,None,None,None,None,None,None,None,None,None,None,None,None,None,None,None,None,None,None,None,None,None,None,None,None,None,None,0
16.611674785614014,0.0002999305725097656,0.5267243981361389,6.301538944244385,6.301538944244385,0.19163715839385986,-0.18418459594249725,-0.18418459594249725,6.875,3.375,3.375,None,None,None,None,None,None,None,None,None,None,None,None,None,None,None,None,None,None,None,None,None,None,None,None,None,None,None,0
16.631314754486084,0.019639968872070312,0.3064578175544739,6.473921298980713,6.473921298980713,0.19908970594406128,-0.24380503594875336,-0.24380503594875336,6.875,2.9375,2.9375,None,None,None,None,None,None,None,None,None,None,None,None,None,None,None,None,None,None,None,None,None,None,None,None,None,None,None,0
16.66876792907715,0.03745317459106445,0.12449848651885986,6.502651691436768,6.502651691436768,0.07665485888719559,-0.14585717022418976,-0.14585717022418976,6.5625,3.0625,3.0625,None,None,None,None,None,None,None,None,None,None,None,None,None,None,None,None,None,None,None,None,None,None,None,None,None,None,None,0
16.669376850128174,0.0006089210510253906,0.5267243981361389,6.598419666290283,6.598419666290283,0.0021293016616255045,0.06387905031442642,0.06387905031442642,6.9375,2.8125,2.8125,None,None,None,None,None,None,None,None,None,None,None,None,None,None,None,None,None,None,None,None,None,None,None,None,None,None,None,0
16.68877077102661,0.0193939208984375,0.5650315880775452,6.655880928039551,6.655880928039551,-0.014905111864209175,0.1575683206319809,0.1575683206319809,7.3125,3.125,3.125,None,None,None,None,None,None,None,None,None,None,None,None,None,None,None,None,None,None,None,None,None,None,None,None,None,None,None,0
16.71622085571289,0.027450084686279297,0.23942017555236816,6.435614109039307,6.435614109039307,-0.20867156982421875,0.1756673902273178,0.1756673902273178,7.375,2.9375,2.9375,None,None,None,None,None,None,None,None,None,None,None,None,None,None,None,None,None,None,None,None,None,None,None,None,None,None,None,0
16.72249174118042,0.006270885467529297,0.28730419278144836,6.282385349273682,6.282385349273682,-0.2970375716686249,0.18099063634872437,0.18099063634872437,7.125,3.375,3.375,None,None,None,None,None,None,None,None,None,None,None,None,None,None,None,None,None,None,None,None,None,None,None,None,None,None,None,0
16.7493097782135,0.026818037033081055,0.2777273952960968,6.157886981964111,6.157886981964111,-0.2970375716686249,0.1362753063440323,0.1362753063440323,7.3125,4.25,4.25,None,None,None,None,None,None,None,None,None,None,None,None,None,None,None,None,None,None,None,None,None,None,None,None,None,None,None,0
16.773637771606445,0.024327993392944336,0.24899697303771973,6.129156112670898,6.129156112670898,-0.22251202166080475,-0.03406882658600807,-0.03406882658600807,7.5625,4.3125,4.3125,None,None,None,None,None,None,None,None,None,None,None,None,None,None,None,None,None,None,None,None,None,None,None,None,None,None,None,0
16.783294916152954,0.009657144546508789,0.8427590131759644,6.1770405769348145,6.1770405769348145,-0.1330813616514206,0.01171115878969431,0.01171115878969431,7.4375,3.625,3.625,None,None,None,None,None,None,None,None,None,None,None,None,None,None,None,None,None,None,None,None,None,None,None,None,None,None,None,0
16.808791637420654,0.025496721267700195,0.871489405632019,6.215347766876221,6.215347766876221,-0.1330813616514206,0.01171115878969431,0.01171115878969431,7.0625,4.0625,4.0625,None,None,None,None,None,None,None,None,None,None,None,None,None,None,None,None,None,None,None,None,None,None,None,None,None,None,None,0
16.833359718322754,0.02456808090209961,0.7852981686592102,6.234501361846924,6.234501361846924,-0.03300417587161064,0.05429719388484955,0.05429719388484955,7.1875,3.9375,3.9375,None,None,None,None,None,None,None,None,None,None,None,None,None,None,None,None,None,None,None,None,None,None,None,None,None,None,None,0
16.84194278717041,0.00858306884765625,0.5746083855628967,6.0621185302734375,6.0621185302734375,-0.09581857919692993,0.11817624419927597,0.11817624419927597,6.9375,3.5625,3.5625,None,None,None,None,None,None,None,None,None,None,None,None,None,None,None,None,None,None,None,None,None,None,None,None,None,None,None,0
16.86936664581299,0.027423858642578125,0.5554547905921936,6.129156112670898,6.129156112670898,-0.12243484705686569,0.11604694277048111,0.11604694277048111,7.4375,3.625,3.625,None,None,None,None,None,None,None,None,None,None,None,None,None,None,None,None,None,None,None,None,None,None,None,None,None,None,None,0
16.891584873199463,0.02221822738647461,0.545877993106842,6.282385349273682,6.282385349273682,-0.0010646508308127522,0.019163714721798897,0.019163714721798897,7.0625,4.0625,4.0625,None,None,None,None,None,None,None,None,None,None,None,None,None,None,None,None,None,None,None,None,None,None,None,None,None,None,None,0
16.92702078819275,0.03543591499328613,0.5841852426528931,6.205770969390869,6.205770969390869,0.09049531817436218,0.1437278687953949,0.1437278687953949,7.5625,3.5625,3.5625,None,None,None,None,None,None,None,None,None,None,None,None,None,None,None,None,None,None,None,None,None,None,None,None,None,None,None,0
16.933743715286255,0.006722927093505859,0.4405331015586853,6.224924564361572,6.224924564361572,0.09794788062572479,0.13946926593780518,0.13946926593780518,7.5,3.1875,3.1875,None,None,None,None,None,None,None,None,None,None,None,None,None,None,None,None,None,None,None,None,None,None,None,None,None,None,None,0
16.952086687088013,0.018342971801757812,0.26815059781074524,6.196194171905518,6.196194171905518,-0.02661627158522606,0.03087487444281578,0.03087487444281578,8.0,3.125,3.125,None,None,None,None,None,None,None,None,None,None,None,None,None,None,None,None,None,None,None,None,None,None,None,None,None,None,None,0
16.97123885154724,0.019152164459228516,-0.028730420395731926,5.937620162963867,5.937620162963867,-0.07559020817279816,-0.06387905031442642,-0.06387905031442642,7.6875,3.375,3.375,None,None,None,None,None,None,None,None,None,None,None,None,None,None,None,None,None,None,None,None,None,None,None,None,None,None,None,0
16.988866806030273,0.017627954483032227,0.009576806798577309,6.0621185302734375,6.0621185302734375,-0.07984881103038788,-0.07133160531520844,-0.07133160531520844,7.5,4.0625,4.0625,None,None,None,None,None,None,None,None,None,None,None,None,None,None,None,None,None,None,None,None,None,None,None,None,None,None,None,0
17.01186466217041,0.02299785614013672,0.0,6.426037311553955,6.426037311553955,0.006387905217707157,-0.0841074138879776,-0.0841074138879776,7.5625,3.6875,3.6875,None,None,None,None,None,None,None,None,None,None,None,None,None,None,None,None,None,None,None,None,None,None,None,None,None,None,None,0
17.02216601371765,0.010301351547241211,0.5650315880775452,6.282385349273682,6.282385349273682,-0.01171115878969431,-0.06494370102882385,-0.06494370102882385,8.375,2.875,2.875,None,None,None,None,None,None,None,None,None,None,None,None,None,None,None,None,None,None,None,None,None,None,None,None,None,None,None,0
17.05279779434204,0.03063178062438965,0.4692635238170624,6.2632317543029785,6.2632317543029785,0.005323254037648439,-0.06174974888563156,-0.06174974888563156,8.4375,2.75,2.75,None,None,None,None,None,None,None,None,None,None,None,None,None,None,None,None,None,None,None,None,None,None,None,None,None,None,None,0
